Lambda,nir610_power,nir680_power,nir730_power,nir760_power,nir810_power,nir860_power
350,0.00003953010499,0.0001722135471,0.0001523972337,0.0002517040415,0.00009707253637,0.0001103084571
351,0.00003953010499,0.000192402841,0.0002321746103,0.0003048899011,0.0001339397739,0.0001324834985
352,0.00003953010499,0.0002125921349,0.0003119519869,0.0003580757606,0.0001708070114,0.0001546585399
353,0.00008143828318,0.0001929526269,0.0002512584763,0.0003517619884,0.0002012890827,0.0001713378828
354,0.0001233464614,0.000173313119,0.0001905649657,0.0003454482161,0.0002317711541,0.0001880172258
355,0.0001214452927,0.0001922303793,0.0002314356397,0.0002985761288,0.0002116359349,0.0002238591151
356,0.000119544124,0.0002111476397,0.0002723063137,0.0002517040415,0.0001915007157,0.0002597010043
357,0.0001563580508,0.000208619428,0.0003217371052,0.0003048899011,0.0002022265598,0.0002030244012
358,0.0001931719777,0.0002060912163,0.0003711678967,0.0003580757606,0.0002129524038,0.000146347798
359,0.0001901798448,0.0002021239246,0.0003636459341,0.0003517619884,0.0001710395431,0.000150503169
360,0.000187187712,0.000198156633,0.0003561239714,0.0003454482161,0.0001291266824,0.0001546585399
361,0.0002009798656,0.0001948692078,0.0003365144189,0.0003532476449,0.0001653316186,0.0001519523226
362,0.0002147720193,0.0001915817827,0.0003169048664,0.0003610470737,0.0002015365548,0.0001492461054
363,0.0002278047367,0.0002186056392,0.0003271973301,0.0003554172817,0.0002155246008,0.000205274642
364,0.0002408374542,0.0002456294956,0.0003374897938,0.0003497874896,0.0002295126468,0.0002613031785
365,0.0002539237876,0.000256609251,0.0003156217855,0.0003575838292,0.000252574321,0.0002569958077
366,0.000267010121,0.0002675890065,0.0002937537772,0.0003653801689,0.0002756359953,0.0002526884369
367,0.0003767692237,0.0002633394094,0.0002891297292,0.0003743142778,0.0002992079238,0.0002652161366
368,0.0004865283264,0.0002590898123,0.0002845056811,0.0003832483868,0.0003227798522,0.0002777438364
369,0.0005395181612,0.0003254579319,0.0003231557503,0.0003908882053,0.0003173996785,0.0003238730939
370,0.0005925079961,0.0003918260516,0.0003618058194,0.0003985280239,0.0003120195048,0.0003700023513
371,0.0006621462876,0.0004374827513,0.0004299503054,0.0004440491544,0.0003202868854,0.0003991908267
372,0.0007317845791,0.000483139451,0.0004980947914,0.0004895702849,0.0003285542659,0.0004283793021
373,0.000735234657,0.000515308253,0.000487695784,0.0005306814844,0.0003748380786,0.0005007833695
374,0.0007386847348,0.000547477055,0.0004772967766,0.0005717926838,0.0004211218913,0.0005731874368
375,0.0007278622499,0.0005775240225,0.0004844665669,0.0005722399161,0.0004912103175,0.0007656375739
376,0.0007170397649,0.0006075709899,0.0004916363572,0.0005726871484,0.0005612987436,0.000958087711
377,0.0007078861126,0.0006124351892,0.0005124499061,0.0005770347686,0.0005769080745,0.001310186423
378,0.0006987324602,0.0006172993884,0.0005332634551,0.0005813823888,0.0005925174054,0.001662285136
379,0.0006898922601,0.0006213053234,0.0005393731655,0.0005931439642,0.0005932500578,0.001867916951
380,0.00068105206,0.0006253112583,0.0005454828759,0.0006049055396,0.0005939827103,0.002073548765
381,0.0006720861038,0.000639148212,0.0005654876555,0.0005774848649,0.0005860682641,0.002126731495
382,0.0006631201476,0.0006529851657,0.0005854924351,0.0005500641903,0.0005781538179,0.002179914224
383,0.0008592218464,0.0008012798337,0.0005904632739,0.0005425871565,0.0005700722833,0.002029588949
384,0.001055323545,0.0009495745017,0.0005954341127,0.0005351101227,0.0005619907488,0.001879263673
385,0.00118116973,0.001027416237,0.0007058004311,0.0005181899175,0.0005444036987,0.001856839225
386,0.001307015915,0.001105257972,0.0008161667496,0.0005012697122,0.0005268166487,0.001834414778
387,0.001384171608,0.001193561293,0.000889422188,0.0005243966108,0.0005417042944,0.00195462584
388,0.001461327302,0.001281864614,0.0009626776263,0.0005475235094,0.0005565919401,0.002074836902
389,0.001533055156,0.001268539806,0.001057448566,0.0006316106576,0.0005599897569,0.002337801891
390,0.001604783011,0.001255214999,0.001152219505,0.0007156978059,0.0005633875738,0.002600766879
391,0.001612002355,0.001191957725,0.001176562538,0.0008168973547,0.0005969479628,0.002720688129
392,0.001619221699,0.001128700451,0.001200905572,0.0009180969035,0.0006305083518,0.00284060938
393,0.001542054,0.0009854539547,0.001100744223,0.0009453571148,0.0006640443577,0.002670775932
394,0.001464886301,0.0008422074583,0.001000582875,0.000972617326,0.0006975803636,0.002500942485
395,0.001308842864,0.0007196643076,0.00086874517,0.0009716115965,0.0007216525135,0.002248630155
396,0.001152799428,0.000597121157,0.0007369074651,0.0009706058669,0.0007457246634,0.001996317825
397,0.0009645465383,0.0005591385936,0.0006525880526,0.0009003254614,0.0007192626564,0.001673403418
398,0.0007762936484,0.0005211560302,0.00056826864,0.0008300450559,0.0006928006494,0.001350489012
399,0.0006696493427,0.0004973239718,0.0005305981547,0.0007143479379,0.0006463829064,0.001117125959
400,0.000563005037,0.0004734919135,0.0004929276693,0.00059865082,0.0005999651635,0.0008837629059
401,0.0005396102079,0.0004609329764,0.0004785305769,0.0005245719135,0.000555315477,0.0007497790651
402,0.0005162153788,0.0004483740394,0.0004641334845,0.0004504930071,0.0005106657904,0.0006157952243
403,0.000513696229,0.0004366837823,0.0004510886228,0.0004307505083,0.0004682780539,0.0005782617633
404,0.0005111770791,0.0004249935252,0.0004380437611,0.0004110080096,0.0004258903174,0.0005407283023
405,0.0005041517707,0.0004042309972,0.000434055682,0.000401114954,0.0004142677686,0.0005262886535
406,0.0004971264623,0.0003834684692,0.0004300676029,0.0003912218985,0.0004026452199,0.0005118490048
407,0.0005061930531,0.0003749985841,0.000412380841,0.000401726288,0.000402038236,0.0004877632648
408,0.0005152596439,0.0003665286991,0.0003946940792,0.0004122306775,0.0004014312521,0.0004636775248
409,0.0005470800618,0.0003758270927,0.0004038493163,0.0004026925553,0.0004033470187,0.0004618335168
410,0.0005789004796,0.0003851254862,0.0004130045534,0.0003931544332,0.0004052627853,0.0004599895088
411,0.0005994436517,0.0004123348509,0.0004240318007,0.0004099134886,0.000411320396,0.0004510719965
412,0.0006199868238,0.0004395442156,0.000435059048,0.0004266725441,0.0004173780067,0.0004421544841
413,0.0005866430402,0.0004489499447,0.0004339468925,0.0004248033483,0.0004252222293,0.0004631447898
414,0.0005532992567,0.0004583556737,0.000432834737,0.0004229341525,0.0004330664518,0.0004841350955
415,0.000541783553,0.0004576393379,0.0004422025363,0.0004308976269,0.000450096049,0.0004931703016
416,0.0005302678492,0.0004569230021,0.0004515703357,0.0004388611014,0.0004671256463,0.0005022055077
417,0.0004614259986,0.0004563627198,0.0004509839105,0.0004296481319,0.0004928764341,0.0005130107565
418,0.0003925841479,0.0004558024374,0.0004503974854,0.0004204351623,0.0005186272219,0.0005238160054
419,0.0003562825963,0.000368260354,0.0003961170146,0.0004022025454,0.0005190890478,0.0005230842216
420,0.0003199810448,0.0002807182706,0.0003418365438,0.0003839699285,0.0005195508738,0.0005223524379
421,0.000286261322,0.0002503833245,0.0003196203945,0.0003468047139,0.0004817123831,0.0005095157539
422,0.0002525415993,0.0002200483783,0.0002974042453,0.0003096394994,0.0004438738924,0.00049667907
423,0.0002619327283,0.0002188621217,0.0002859510981,0.0002728607654,0.0003734179459,0.0003957568152
424,0.0002713238573,0.0002176758652,0.0002744979509,0.0002360820314,0.0003029619994,0.0002948345604
425,0.0003136596187,0.0002073951951,0.0002640095522,0.0002347876621,0.0002654911752,0.000282277894
426,0.0003559953801,0.0001971145251,0.0002535211535,0.0002334932928,0.0002280203511,0.0002697212276
427,0.0003765314533,0.0002146454833,0.0002530587189,0.0002413727432,0.0002174442948,0.0002475977948
428,0.0003970675265,0.0002321764415,0.0002525962844,0.0002492521937,0.0002068682385,0.0002254743619
429,0.000419606872,0.0002593355755,0.0002818382897,0.000266179162,0.0002141266935,0.000215008643
430,0.0004421462176,0.0002864947095,0.0003110802949,0.0002831061303,0.0002213851485,0.000204542924
431,0.0004214006294,0.0002954547959,0.000331830281,0.0003088207468,0.0002209569233,0.0002346391166
432,0.0004006550412,0.0003044148822,0.000352580267,0.0003345353633,0.0002205286981,0.0002647353093
433,0.0003788589083,0.0002861044636,0.0003420404334,0.0003429850079,0.0002452775496,0.0002874052561
434,0.0003570627754,0.000267794045,0.0003315005999,0.0003514346525,0.0002700264012,0.0003100752028
435,0.0003031706598,0.0002504020582,0.0003206776671,0.0003347749163,0.0002873512789,0.0003401224066
436,0.0002492785441,0.0002330100714,0.0003098547344,0.0003181151801,0.0003046761566,0.0003701696104
437,0.0002265521729,0.0002227633626,0.0002889504023,0.0002831267328,0.0002970795971,0.0003392393519
438,0.0002038258016,0.0002125166539,0.0002680460703,0.0002481382854,0.0002894830375,0.0003083090933
439,0.0002028229735,0.0001933642877,0.0002473350201,0.0002297126182,0.000264037476,0.0002854948513
440,0.0002018201454,0.0001742119216,0.00022662397,0.0002112869509,0.0002385919144,0.0002626806094
441,0.0002012374867,0.0001733877006,0.0002163624291,0.0002019972501,0.000213276228,0.0002213433881
442,0.000200654828,0.0001725634796,0.0002061008882,0.0001927075493,0.0001879605416,0.0001800061667
443,0.0002006546036,0.0001721189552,0.0002055657716,0.0001917723306,0.0001700418739,0.0001481323644
444,0.0002006543793,0.0001716744309,0.0002050306551,0.000190837112,0.0001521232062,0.0001162585621
445,0.0002004080953,0.0001716404365,0.0002050329638,0.0001904320478,0.0001436594871,0.0001056765074
446,0.0002001618113,0.000171606442,0.0002050352725,0.0001900269835,0.0001351957681,0.00009509445277
447,0.0002180822541,0.000171257694,0.0002047334351,0.0001901168817,0.0001346414649,0.00008543002458
448,0.000236002697,0.000170908946,0.0002044315976,0.0001902067798,0.0001340871618,0.00007576559639
449,0.0002429311335,0.0001695493899,0.0002116688877,0.0001898533067,0.0001337861613,0.00007579705725
450,0.00024985957,0.0001681898338,0.0002189061778,0.0001894998336,0.0001334851609,0.00007582851812
451,0.0002939764436,0.000190557086,0.0002354889976,0.0002037956871,0.0001410579159,0.00007571933289
452,0.0003380933172,0.0002129243383,0.0002520718174,0.0002180915406,0.0001486306709,0.00007561014766
453,0.0003370553754,0.000225995247,0.0002566891459,0.0002231045228,0.000155522503,0.0000749229381
454,0.0003360174336,0.0002390661557,0.0002613064743,0.000228117505,0.0001624143351,0.00007423572854
455,0.0003080770193,0.0002376540078,0.0002866795006,0.000255561689,0.0001684665098,0.00007321808908
456,0.000280136605,0.00023624186,0.0003120525268,0.000283005873,0.0001745186844,0.00007220044962
457,0.0002495449673,0.0002200431189,0.0003023055477,0.0002887842773,0.0001878558178,0.0001000824706
458,0.0002189533295,0.0002038443779,0.0002925585686,0.0002945626816,0.0002011929512,0.0001279644916
459,0.0002075720333,0.0001879224082,0.0002649555392,0.000256680483,0.000213888258,0.0001169149186
460,0.000196190737,0.0001720004385,0.0002373525097,0.0002187982843,0.0002265835648,0.0001058653456
461,0.0001933481814,0.000162277363,0.000226975421,0.0002180410201,0.0002186434578,0.00009613950945
462,0.0001905056257,0.0001525542875,0.0002165983323,0.0002172837559,0.0002107033508,0.00008641367335
463,0.0001953567474,0.0001502626798,0.000204700365,0.0002000669092,0.000195342657,0.00008614807024
464,0.0002002078691,0.0001479710721,0.0001928023978,0.0001828500625,0.0001799819632,0.00008588246713
465,0.0001963519399,0.0001451078658,0.0001890096473,0.0001800561056,0.0001789319281,0.00007659422316
466,0.0001924960107,0.0001422446595,0.0001852168967,0.0001772621487,0.000177881893,0.00006730597919
467,0.0001968919677,0.0001466680326,0.000189801181,0.0001874115359,0.0001677869196,0.00006626274639
468,0.0002012879247,0.0001510914057,0.0001943854653,0.000197560923,0.0001576919462,0.00006521951359
469,0.0001988053548,0.0001485365498,0.0001909916932,0.0001937913714,0.0001550905221,0.00007189209128
470,0.0001963227848,0.000145981694,0.0001875979211,0.0001900218198,0.000152489098,0.00007856466896
471,0.0001970758228,0.0001444002662,0.0001851681216,0.0001867959111,0.0001567415806,0.00009380908495
472,0.0001978288607,0.0001428188385,0.000182738322,0.0001835700023,0.0001609940633,0.0001090535009
473,0.0001935035895,0.0001435108991,0.0001831449221,0.0001814455632,0.0001642193759,0.0001071651928
474,0.0001891783182,0.0001442029598,0.0001835515222,0.0001793211241,0.0001674446885,0.0001052768846
475,0.0001858776961,0.0001398638048,0.0001867276266,0.0001805132549,0.0001652023601,0.0001111059711
476,0.0001825770739,0.0001355246498,0.000189903731,0.0001817053857,0.0001629600317,0.0001169350575
477,0.0001783388693,0.0001392446395,0.0001952691099,0.0001854348787,0.0001620518561,0.0001027012538
478,0.0001741006646,0.0001429646292,0.0002006344889,0.0001891643716,0.0001611436804,0.00008846744997
479,0.0001760769498,0.0001386981488,0.0001892751435,0.0001808579916,0.0001630190098,0.00008129677595
480,0.000178053235,0.0001344316684,0.0001779157982,0.0001725516115,0.0001648943392,0.00007412610193
481,0.0001778273522,0.0001357578345,0.0001798965869,0.0001694300156,0.0001616131702,0.0000762238519
482,0.0001776014694,0.0001370840006,0.0001818773756,0.0001663084197,0.0001583320012,0.00007832160187
483,0.000177332262,0.0001369951284,0.0001738169125,0.000167783198,0.0001553238447,0.00007235021661
484,0.0001770630545,0.0001369062562,0.0001657564494,0.0001692579763,0.0001523156882,0.00006637883135
485,0.0001782298529,0.0001368331961,0.0001732854326,0.0001686684585,0.0001551327833,0.00006695816429
486,0.0001793966514,0.0001367601361,0.0001808144159,0.0001680789407,0.0001579498784,0.00006753749722
487,0.000181457344,0.0001377314147,0.0001659314626,0.000167891014,0.0001521881074,0.00006726322354
488,0.0001835180367,0.0001387026934,0.0001510485093,0.0001677030874,0.0001464263365,0.00006698894987
489,0.0001849829082,0.0001401894032,0.0001445357319,0.0001691014501,0.0001528477987,0.00006691118234
490,0.0001864477798,0.0001416761131,0.0001380229545,0.0001704998128,0.0001592692609,0.0000668334148
491,0.0001866230381,0.0001426850133,0.0001475521634,0.0001725680962,0.0001594018548,0.00006740524995
492,0.0001867982963,0.0001436939136,0.0001570813723,0.0001746363796,0.0001595344487,0.0000679770851
493,0.0001866668376,0.0001438363337,0.0001571206377,0.0001758721177,0.0001609423882,0.00006883034739
494,0.000186535379,0.0001439787538,0.0001571599031,0.0001771078557,0.0001623503277,0.00006968360968
495,0.0001876421265,0.0001519060156,0.0001737864147,0.0001770351465,0.000157044821,0.00007018121146
496,0.0001887488741,0.0001598332773,0.0001904129263,0.0001769624373,0.0001517393142,0.00007067881324
497,0.000191286119,0.000152923263,0.0001915925667,0.0001767844484,0.0001596824075,0.0000706285624
498,0.000193823364,0.0001460132486,0.0001927722072,0.0001766064596,0.0001676255007,0.00007057831156
499,0.0001965238566,0.0001479264261,0.0001953703262,0.0001779830705,0.0001676621673,0.00007051776549
500,0.0001992243493,0.0001498396035,0.0001979684452,0.0001793596813,0.0001676988338,0.00007045721942
501,0.0002009828199,0.0001433715998,0.0002007461197,0.0001819823871,0.0001678995341,0.00007100496735
502,0.0002027412905,0.0001369035962,0.0002035237943,0.000184605093,0.0001681002344,0.00007155271528
503,0.0002137579013,0.0001466378676,0.0002052691665,0.0001871796169,0.0001696467244,0.00007261959508
504,0.0002247745121,0.0001563721391,0.0002070145387,0.0001897541409,0.0001711932144,0.00007368647488
505,0.0002352830489,0.0001656165006,0.0002077748972,0.0001911606423,0.000173559733,0.00007470420654
506,0.0002457915857,0.0001748608621,0.0002085352557,0.0001925671438,0.0001759262517,0.00007572193819
507,0.0002464745114,0.0001752997254,0.0002182287763,0.0001931280667,0.0001780857165,0.00007628954697
508,0.0002471574372,0.0001757385888,0.0002279222969,0.0001936889895,0.0001802451813,0.00007685715575
509,0.0002702649393,0.0001762390337,0.0002285625445,0.0002022584459,0.0001894270375,0.00008650158036
510,0.0002933724415,0.0001767394787,0.0002292027921,0.0002108279023,0.0001986088938,0.00009614600498
511,0.0003044795658,0.0001865856777,0.0002400805144,0.0002201226264,0.0001991986163,0.0001162867259
512,0.0003155866902,0.0001964318766,0.0002509582367,0.0002294173504,0.0001997883389,0.0001364274469
513,0.0003165378931,0.0001970787669,0.0002623829021,0.000238700306,0.0002002681715,0.0001368264321
514,0.0003174890961,0.0001977256572,0.0002738075675,0.0002479832615,0.0002007480042,0.0001372254172
515,0.000339508934,0.0001983299855,0.0002746393095,0.0002488900333,0.0002013327395,0.0001491643656
516,0.000361528772,0.0001989343138,0.0002754710515,0.000249796805,0.0002019174749,0.000161103314
517,0.0003833041486,0.0002179592229,0.0002856188645,0.0002504847673,0.0002199394556,0.0001712693842
518,0.0004050795253,0.0002369841321,0.0002957666774,0.0002511727296,0.0002379614364,0.0001814354544
519,0.0004186847842,0.0002377462074,0.0003070976147,0.0002773008508,0.0002388230943,0.0001819561252
520,0.0004322900432,0.0002385082826,0.000318428552,0.0003034289719,0.0002396847523,0.000182476796
521,0.0004239115774,0.0002662814513,0.000329459157,0.0003309933833,0.0002563768645,0.0002151740263
522,0.0004155331117,0.00029405462,0.0003404897619,0.0003585577948,0.0002730689767,0.0002478712565
523,0.0004166888966,0.0002857514997,0.0003434298961,0.0003514782801,0.0002824148177,0.0002711641309
524,0.0004178446816,0.0002774483795,0.0003463700303,0.0003443987654,0.0002917606587,0.0002944570052
525,0.0004289488699,0.0002782212118,0.0003665368276,0.0003375226156,0.0003288341929,0.0002955351412
526,0.0004400530582,0.0002789940441,0.000386703625,0.0003306464657,0.0003659077271,0.0002966132772
527,0.0004644218939,0.0002891171739,0.000397057177,0.0003314527068,0.0003590240341,0.000297021723
528,0.0004887907296,0.0002992403038,0.0004074107289,0.0003322589478,0.000352140341,0.0002974301688
529,0.0004905918881,0.0003195923549,0.000430363755,0.0003505983945,0.0003532451447,0.0002983160264
530,0.0004923930467,0.0003399444061,0.0004533167811,0.0003689378412,0.0003543499485,0.000299201884
531,0.0004704869133,0.0003514220899,0.0004430324533,0.0003876827899,0.0003814409601,0.0003347002694
532,0.0004485807798,0.0003628997738,0.0004327481255,0.0004064277387,0.0004085319718,0.0003701986549
533,0.0004143136507,0.0003334006586,0.000423897358,0.0003891190981,0.0004097896882,0.0003813179049
534,0.0003800465217,0.0003039015434,0.0004150465905,0.0003718104576,0.0004110474046,0.0003924371548
535,0.0003460701319,0.0002940148273,0.0004046418575,0.000354558489,0.0004118671266,0.0003938887406
536,0.0003120937422,0.0002841281112,0.0003942371245,0.0003373065204,0.0004126868486,0.0003953403265
537,0.0002890933899,0.000265249716,0.0003510352364,0.000300927689,0.0003864860825,0.0003496860211
538,0.0002660930376,0.0002463713207,0.0003078333482,0.0002645488575,0.0003602853165,0.0003040317157
539,0.0002664897341,0.0002183560218,0.0002870984668,0.0002461575269,0.0003437331214,0.0002915941037
540,0.0002668864306,0.0001903407228,0.0002663635854,0.0002277661962,0.0003271809263,0.0002791564917
541,0.0002672134408,0.0001906004609,0.0002570799225,0.0002191802697,0.0002727590141,0.0002467752645
542,0.0002675404511,0.0001908601989,0.0002477962596,0.0002105943433,0.0002183371019,0.0002143940373
543,0.0002569479394,0.0001910918097,0.0002379476961,0.0002109105053,0.0002087356456,0.0002145882877
544,0.0002463554276,0.0001913234205,0.0002280991326,0.0002112266674,0.0001991341892,0.0002147825381
545,0.0002468113626,0.0002007926248,0.0002283086893,0.0002115074772,0.0001909449345,0.0002150701035
546,0.0002472672975,0.0002102618291,0.000228518246,0.0002117882871,0.0001827556798,0.0002153576689
547,0.0002588363703,0.0002106706234,0.0002190557827,0.0002119537875,0.0001829957967,0.0001922154066
548,0.0002704054432,0.0002110794176,0.0002095933194,0.0002121192879,0.0001832359135,0.0001690731443
549,0.0002937151981,0.0002206459813,0.0001998903063,0.0002125794418,0.000183488507,0.0001372218257
550,0.0003170249529,0.000230212545,0.0001901872932,0.0002130395957,0.0001837411005,0.0001053705072
551,0.000340834096,0.0002308551581,0.0001804279482,0.0002135719058,0.0001839302997,0.00009522957081
552,0.000364643239,0.0002314977712,0.0001706686031,0.0002141042159,0.0001841194988,0.00008508863441
553,0.0004107765524,0.0002521786713,0.0001710824773,0.0002147198962,0.0001845435367,0.00008531138897
554,0.0004569098657,0.0002728595714,0.0001714963516,0.0002153355766,0.0001849675745,0.00008553414354
555,0.0004822556838,0.0002735629811,0.0001719416692,0.0002433519226,0.0001943666336,0.00008578777664
556,0.0005076015019,0.0002742663907,0.0001723869869,0.0002713682686,0.0002037656927,0.00008604140973
557,0.0004730346999,0.0002962005768,0.0001832608772,0.0002909829217,0.0002498106941,0.00008624051995
558,0.0004384678979,0.000318134763,0.0001941347675,0.0003105975747,0.0002958556955,0.00008643963017
559,0.0004156991247,0.0003078258805,0.0001944971914,0.0003016956681,0.0003270983122,0.00008666102851
560,0.0003929303514,0.0002975169981,0.0001948596154,0.0002927937614,0.0003583409289,0.00008688242686
561,0.0003712727607,0.0002973018937,0.0001955455053,0.0002657736832,0.0003792458494,0.00008710292825
562,0.0003496151701,0.0002970867893,0.0001962313953,0.000238753605,0.0004001507699,0.00008732342963
563,0.0003630931711,0.0003281786526,0.0001968347011,0.0002298860982,0.0003719873154,0.00008747739747
564,0.000376571172,0.0003592705159,0.0001974380069,0.0002210185915,0.000343823861,0.0000876313653
565,0.0004606284944,0.000431557528,0.0002295850852,0.0002216599299,0.0003057462045,0.00008796086605
566,0.0005446858168,0.0005038445401,0.0002617321635,0.0002223012684,0.0002676685479,0.00008829036679
567,0.0006693390184,0.0005986346296,0.0002963763734,0.0002614411719,0.0002581092637,0.00008855107558
568,0.00079399222,0.0006934247191,0.0003310205834,0.0003005810754,0.0002485499795,0.00008881178438
569,0.001001518765,0.000822509021,0.000355836054,0.000387818995,0.0002867265871,0.0001119117312
570,0.001209045311,0.0009515933229,0.0003806515245,0.0004750569147,0.0003249031948,0.000135011678
571,0.00154302267,0.001047444742,0.0004271505604,0.0006276148743,0.0004413387511,0.0002335878831
572,0.00187700003,0.001143296161,0.0004736495963,0.0007801728339,0.0005577743074,0.0003321640882
573,0.002366611598,0.001253643697,0.0005654469877,0.001023874078,0.0006579831529,0.0003922472832
574,0.002856223166,0.001363991234,0.0006572443791,0.001267575323,0.0007581919983,0.0004523304783
575,0.00341606733,0.001431193808,0.000751309314,0.001610725115,0.0009342499486,0.000618411349
576,0.003975911495,0.001498396382,0.0008453742489,0.001953874907,0.001110307899,0.0007844922198
577,0.004618478217,0.001581290179,0.0009628966044,0.002277644858,0.001409411863,0.001097909822
578,0.005261044939,0.001664183976,0.00108041896,0.002601414809,0.001708515827,0.001411327425
579,0.006309294194,0.001853168967,0.001239319499,0.002731134662,0.002164751379,0.00174566825
580,0.007357543448,0.002042153959,0.001398220038,0.002860854515,0.002620986931,0.002080009075
581,0.009389396427,0.002284828516,0.001549903048,0.002832371571,0.003134761167,0.002342556316
582,0.0114212494,0.002527503073,0.001701586057,0.002803888627,0.003648535403,0.002605103557
583,0.01449058803,0.002992533244,0.001896557572,0.002679941807,0.004147135782,0.002704803582
584,0.01755992666,0.003457563415,0.002091529087,0.002555994988,0.004645736162,0.002804503607
585,0.02234236214,0.003877881014,0.002259884527,0.002504794553,0.005105706808,0.002828925598
586,0.02712479761,0.004298198613,0.002428239967,0.002453594118,0.005565677453,0.002853347588
587,0.03505732869,0.004566390636,0.002585556381,0.002527261423,0.00614246145,0.003167575968
588,0.04298985977,0.004834582658,0.002742872795,0.002600928728,0.006719245447,0.003481804349
589,0.05704334554,0.004906147833,0.002817310372,0.002703836098,0.007621038138,0.00415717297
590,0.07109683131,0.004977713007,0.00289174795,0.002806743468,0.00852283083,0.004832541591
591,0.1007065164,0.004865708684,0.002941456578,0.0029533425,0.00973027558,0.005954023486
592,0.1303162015,0.004753704361,0.002991165207,0.003099941533,0.01093772033,0.007075505382
593,0.1763628835,0.004677018925,0.003056635117,0.003256872509,0.01238021691,0.0085705846
594,0.2224095656,0.004600333489,0.003122105027,0.003413803486,0.01382271348,0.01006566382
595,0.2858064922,0.004480471323,0.003131760632,0.0036779523,0.01512264242,0.01154595635
596,0.3492034189,0.004360609156,0.003141416238,0.003942101113,0.01642257135,0.01302624888
597,0.4226246527,0.004391044987,0.003142493393,0.004253294099,0.01737822206,0.01427438871
598,0.4960458865,0.004421480818,0.003143570548,0.004564487085,0.01833387276,0.01552252855
599,0.5709921304,0.004397921251,0.003158324139,0.004823569617,0.01896855689,0.01603467247
600,0.6459383743,0.004374361684,0.00317307773,0.005082652148,0.01960324102,0.01654681638
601,0.7103827971,0.004316506963,0.00313802999,0.005140185966,0.01991169939,0.0163195626
602,0.77482722,0.004258652241,0.00310298225,0.005197719784,0.02022015775,0.01609230881
603,0.8260319353,0.004132249009,0.003082613171,0.005054985477,0.0200745143,0.01548390366
604,0.8772366505,0.004005845777,0.003062244092,0.00491225117,0.01992887086,0.01487549851
605,0.9119514407,0.003947117322,0.003066090913,0.00467083809,0.01918292902,0.01395570891
606,0.9466662309,0.003888388866,0.003069937733,0.00442942501,0.01843698719,0.0130359193
607,0.9662691769,0.003907843431,0.003073228706,0.004152333332,0.0170858926,0.01206341125
608,0.9858721228,0.003927297997,0.003076519679,0.003875241653,0.015734798,0.0110909032
609,0.9929360614,0.003933602049,0.003042016271,0.003730028489,0.01424447012,0.01035417107
610,1,0.003939906102,0.003007512863,0.003584815324,0.01275414224,0.009617438933
611,0.9912045532,0.003958973419,0.002970384106,0.003556323866,0.01165618541,0.00917027295
612,0.9824091065,0.003978040736,0.002933255348,0.003527832407,0.01055822859,0.008723106966
613,0.9571837448,0.003955352335,0.00292963617,0.003534800701,0.01004571585,0.008681849827
614,0.9319583831,0.003932663935,0.002926016993,0.003541768995,0.009533203105,0.008640592687
615,0.8889820535,0.003983350653,0.002937461727,0.003563087271,0.009546822035,0.008810726707
616,0.8460057238,0.00403403737,0.002948906461,0.003584405547,0.009560440966,0.008980860727
617,0.78372876,0.004073986013,0.002932572717,0.003622116483,0.0100509775,0.009314996066
618,0.7214517962,0.004113934656,0.002916238972,0.003659827419,0.01054151403,0.009649131405
619,0.6407881023,0.004151847845,0.002884269941,0.003704958192,0.01130225469,0.009909249779
620,0.5601244084,0.004189761034,0.00285230091,0.003750088965,0.01206299534,0.01016936815
621,0.4864528124,0.004318272516,0.002811320942,0.003740921659,0.01310714155,0.01035510918
622,0.4127812163,0.004446783998,0.002770340975,0.003731754353,0.01415128776,0.01054085021
623,0.3491037327,0.004499955791,0.002751811593,0.003697855364,0.0150499664,0.01052021467
624,0.2854262491,0.004553127584,0.002733282211,0.003663956375,0.01594864505,0.01049957912
625,0.2355820719,0.004647786994,0.002660774755,0.003619196723,0.01638698679,0.01017642692
626,0.1857378948,0.004742446404,0.002588267298,0.003574437071,0.01682532853,0.009853274712
627,0.1487110336,0.00492879213,0.002584831063,0.003426193651,0.01648431925,0.009325776468
628,0.1116841723,0.005115137856,0.002581394828,0.00327795023,0.01614330997,0.008798278224
629,0.08616792775,0.005253894142,0.00255405075,0.003218797864,0.01505690935,0.00829000523
630,0.06065168319,0.005392650428,0.002526706672,0.003159645497,0.01397050873,0.007781732236
631,0.04754862609,0.005645529697,0.002526878125,0.00307035054,0.01254941,0.007509036407
632,0.03444556898,0.005898408965,0.002527049577,0.002981055583,0.01112831126,0.007236340579
633,0.02688995086,0.006188927852,0.002539995806,0.002923886567,0.009873146971,0.007195561565
634,0.01933433275,0.006479446739,0.002552942034,0.002866717552,0.008617982681,0.007154782552
635,0.0152492366,0.006844437755,0.002557041541,0.002869996506,0.007686001937,0.007386302288
636,0.01116414045,0.00720942877,0.002561141047,0.00287327546,0.006754021193,0.007617822025
637,0.008927349795,0.007772638763,0.002570322966,0.002817874249,0.00623910321,0.008100721187
638,0.006690559139,0.008335848756,0.002579504885,0.002762473037,0.005724185226,0.00858362035
639,0.005456469948,0.009040862842,0.002580300276,0.002732539267,0.005485466418,0.009098650438
640,0.004222380757,0.009745876929,0.002581095667,0.002702605496,0.005246747609,0.009613680527
641,0.003616214911,0.01073976162,0.002579546275,0.002672041204,0.005020852121,0.01036448796
642,0.003010049065,0.01173364631,0.002577996884,0.002641476913,0.004794956633,0.0111152954
643,0.002712223966,0.01293483653,0.002588592822,0.002618682451,0.004648115815,0.01204152281
644,0.002414398866,0.01413602676,0.002599188759,0.002595887988,0.004501274997,0.01296775023
645,0.002272979283,0.01562834774,0.002590752454,0.002603710141,0.004414288523,0.01411224961
646,0.002131559701,0.01712066871,0.002582316149,0.002611532293,0.004327302048,0.015256749
647,0.001941020543,0.01903623184,0.002571602102,0.002605075182,0.00421448424,0.0161427614
648,0.001750481384,0.02095179498,0.002560888055,0.002598618071,0.004101666431,0.0170287738
649,0.00170345316,0.02355804157,0.002534433325,0.002663285298,0.004060010464,0.01748517093
650,0.001656424936,0.02616428817,0.002507978595,0.002727952525,0.004018354497,0.01794156805
651,0.001647597616,0.02968461022,0.002497645859,0.002768788692,0.003973949536,0.01758373452
652,0.001638770297,0.03320493226,0.002487313123,0.002809624858,0.003929544576,0.01722590099
653,0.001650196677,0.03851856331,0.002557985403,0.002868661309,0.003871982886,0.0160291618
654,0.001661623057,0.04383219437,0.002628657684,0.00292769776,0.003814421196,0.0148324226
655,0.001659559896,0.05141542846,0.002645062358,0.003008887407,0.003810476378,0.01321640153
656,0.001657496735,0.05899866256,0.002661467032,0.003090077055,0.003806531561,0.01160038046
657,0.001671739752,0.07001123147,0.002729552615,0.003125351648,0.003687785346,0.01011812914
658,0.001685982769,0.08102380038,0.002797638199,0.00316062624,0.003569039131,0.008635877822
659,0.001663101245,0.09809562697,0.002884877919,0.003244107907,0.003527762094,0.007644670954
660,0.001640219722,0.1151674536,0.002972117638,0.003327589574,0.003486485057,0.006653464086
661,0.001632677584,0.1381837629,0.003024571051,0.003369145963,0.003459653895,0.006115894684
662,0.001625135446,0.1612000723,0.003077024464,0.003410702353,0.003432822733,0.005578325283
663,0.001632203485,0.1925882079,0.003112074752,0.003388154423,0.003406442561,0.005275114576
664,0.001639271523,0.2239763435,0.003147125041,0.003365606493,0.00338006239,0.004971903869
665,0.001643141545,0.2633214148,0.003197990993,0.003372177952,0.003376494331,0.004785438539
666,0.001647011568,0.3026664861,0.003248856944,0.00337874941,0.003372926272,0.00459897321
667,0.001648760034,0.3512677123,0.003258078862,0.003332638249,0.00333311915,0.004472612643
668,0.0016505085,0.3998689385,0.00326730078,0.003286527088,0.003293312029,0.004346252076
669,0.001650533494,0.4598660856,0.003271849963,0.003235811475,0.00325275262,0.004296963241
670,0.001650558489,0.5198632328,0.003276399146,0.003185095862,0.003212193211,0.004247674406
671,0.001667782985,0.5881122666,0.003277524181,0.00315848877,0.003192808401,0.004165315333
672,0.001685007482,0.6563613005,0.003278649215,0.003131881678,0.003173423591,0.004082956259
673,0.001703727628,0.7247461571,0.003278640822,0.003174614183,0.003162736449,0.003982493064
674,0.001722447774,0.7931310137,0.003278632429,0.003217346687,0.003152049307,0.003882029868
675,0.001745229096,0.8490005501,0.003363062124,0.003303446301,0.003153203912,0.003797402612
676,0.001768010418,0.9048700866,0.003447491818,0.003389545914,0.003154358518,0.003712775356
677,0.001790214441,0.9396775435,0.003521043486,0.003549719272,0.003154323164,0.003696245802
678,0.001812418464,0.9744850004,0.003594595154,0.00370989263,0.003154287811,0.003679716248
679,0.001887325869,0.9872425002,0.003872931366,0.003994974039,0.003186494002,0.003754086558
680,0.001962233274,1,0.004151267579,0.004280055447,0.003218700192,0.003828456869
681,0.002152242289,0.993341236,0.004306661186,0.004602292148,0.00328136927,0.003925275074
682,0.002342251303,0.9866824719,0.004462054792,0.004924528849,0.003344038349,0.004022093279
683,0.002718498286,0.968541605,0.004764447697,0.005325207207,0.003422532198,0.00414067171
684,0.003094745268,0.950400738,0.005066840601,0.005725885564,0.003501026048,0.00425925014
685,0.003538980483,0.9205399987,0.005420929197,0.00609740761,0.003619408605,0.004337371009
686,0.003983215698,0.8906792594,0.005775017793,0.006468929656,0.003737791162,0.004415491878
687,0.004509272923,0.843024612,0.006208709103,0.006720413356,0.003800018703,0.004485706938
688,0.005035330148,0.7953699645,0.006642400413,0.006971897056,0.003862246245,0.004555921997
689,0.005408584374,0.7299065046,0.007191036091,0.007085136386,0.003929333952,0.00470140193
690,0.0057818386,0.6644430447,0.007739671769,0.007198375716,0.003996421659,0.004846881863
691,0.005770088793,0.592351792,0.008534454112,0.007055701256,0.004066430105,0.004982162122
692,0.005758338986,0.5202605394,0.009329236456,0.006913026797,0.00413643855,0.005117442381
693,0.005413241769,0.4540940059,0.01043071623,0.006612623766,0.004150636636,0.005289511313
694,0.005068144552,0.3879274723,0.011532196,0.006312220735,0.004164834723,0.005461580246
695,0.004519944619,0.3329461355,0.01309569102,0.006085994733,0.004187224992,0.00577550736
696,0.003971744685,0.2779647986,0.01465918605,0.005859768731,0.004209615262,0.006089434473
697,0.003524231416,0.2342369035,0.01696941463,0.0056705368,0.004182263876,0.006484549639
698,0.003076718146,0.1905090084,0.01927964321,0.005481304869,0.004154912491,0.006879664804
699,0.002959975289,0.1551918144,0.02295201149,0.0053810735,0.004082320425,0.007477377869
700,0.002843232433,0.1198746204,0.02662437977,0.00528084213,0.00400972836,0.008075090933
701,0.002871834308,0.0962973225,0.03160796732,0.005207534917,0.00401556447,0.008865944423
702,0.002900436183,0.07272002458,0.03659155487,0.005134227703,0.00402140058,0.009656797913
703,0.002943578922,0.05801374479,0.04334938234,0.005176013952,0.004063509108,0.01045890924
704,0.002986721661,0.04330746501,0.0501072098,0.0052178002,0.004105617636,0.01126102057
705,0.003167426743,0.03525766621,0.05904927936,0.00524141355,0.004155636442,0.01174454088
706,0.003348131825,0.02720786742,0.06799134892,0.0052650269,0.004205655248,0.0122280612
707,0.003658427305,0.02285640898,0.08040537915,0.005308459791,0.004271754196,0.01231251576
708,0.003968722784,0.01850495053,0.09281940938,0.005351892682,0.004337853144,0.01239697032
709,0.004454112711,0.01601404324,0.111543966,0.005455401389,0.004368732316,0.01202597107
710,0.004939502638,0.01352313595,0.1302685227,0.005558910096,0.004399611488,0.01165497183
711,0.005424374871,0.01214390465,0.1551024465,0.00581053078,0.00445927447,0.01101183122
712,0.005909247104,0.01076467336,0.1799363702,0.006062151464,0.004518937451,0.01036869062
713,0.006251678284,0.009855353443,0.2130167543,0.006245392174,0.00455972519,0.009577278151
714,0.006594109465,0.00894603353,0.2460971383,0.006428632884,0.004600512928,0.008785865684
715,0.006600872988,0.008208091948,0.2879016292,0.006809545447,0.004623067525,0.008145464991
716,0.006607636511,0.007470150365,0.3297061201,0.00719045801,0.004645622122,0.007505064297
717,0.006318496931,0.006835367354,0.3822304538,0.007708043442,0.004815068654,0.007055517905
718,0.006029357351,0.006200584343,0.4347547876,0.008225628874,0.004984515186,0.006605971513
719,0.005299924502,0.005604629793,0.5003707178,0.00886705905,0.005130817471,0.006458048524
720,0.004570491654,0.005008675244,0.565986648,0.009508489227,0.005277119755,0.006310125534
721,0.004035252824,0.004667728899,0.6324233406,0.01042898861,0.005406897934,0.0063184022
722,0.003500013995,0.004326782554,0.6988600332,0.011349488,0.005536676112,0.006326678866
723,0.003287768406,0.004083109054,0.7611403246,0.01243019892,0.005869632135,0.006463609798
724,0.003075522816,0.003839435554,0.8234206161,0.01351090984,0.006202588157,0.00660054073
725,0.002760200331,0.003781785807,0.8710369109,0.01504367799,0.006562935074,0.006691116376
726,0.002444877846,0.003724136061,0.9186532058,0.01657644615,0.00692328199,0.006781692022
727,0.002408633283,0.003638486231,0.948592923,0.01855962932,0.007461198878,0.00680042491
728,0.00237238872,0.003552836401,0.9785326401,0.02054281249,0.007999115766,0.006819157799
729,0.002579119948,0.003496280624,0.9892663201,0.02332470287,0.008613472405,0.006801903712
730,0.002785851176,0.003439724848,1,0.02610659325,0.009227829045,0.006784649625
731,0.002956358689,0.003487255687,0.9907515924,0.03062385466,0.009869402218,0.006765324353
732,0.003126866202,0.003534786527,0.9815031848,0.03514111607,0.01051097539,0.006745999081
733,0.003176763721,0.003532948239,0.956234752,0.04130420884,0.01120490963,0.006681622282
734,0.003226661239,0.003531109951,0.9309663191,0.04746730161,0.01189884388,0.006617245483
735,0.003525792437,0.003550957362,0.8917795414,0.05595774879,0.01236962175,0.006538873439
736,0.003824923636,0.003570804772,0.8525927637,0.06444819598,0.01284039962,0.006460501394
737,0.003997942126,0.003554261015,0.8015336657,0.07528643812,0.01316966709,0.00631652991
738,0.004170960617,0.003537717259,0.7504745678,0.08612468027,0.01349893457,0.006172558425
739,0.004308581535,0.003409351615,0.6874260972,0.1012019982,0.0135208632,0.005958542184
740,0.004446202454,0.003280985971,0.6243776266,0.1162793162,0.01354279184,0.005744525943
741,0.004501364294,0.003159986003,0.5575570781,0.138741908,0.01340220841,0.005507521265
742,0.004556526134,0.003038986034,0.4907365297,0.1612044998,0.01326162497,0.005270516586
743,0.004358976172,0.003313224113,0.4269266131,0.1916328494,0.01300531852,0.004972176784
744,0.004161426211,0.003587462192,0.3631166965,0.222061199,0.01274901207,0.004673836982
745,0.003799675141,0.003779107823,0.3113928148,0.2635193703,0.01248525409,0.004375406949
746,0.003437924072,0.003970753455,0.2596689331,0.3049775416,0.01222149611,0.004076976916
747,0.002938337744,0.004241895208,0.2204764807,0.3529901435,0.01223508248,0.003884094573
748,0.002438751417,0.004513036961,0.1812840282,0.4010027454,0.01224866885,0.003691212231
749,0.002338169932,0.004775980735,0.1527798857,0.4628842893,0.01242566218,0.003570733857
750,0.002237588447,0.005038924509,0.1242757432,0.5247658331,0.0126026555,0.003450255483
751,0.0018074797,0.00515944995,0.105323721,0.5967059944,0.0129111025,0.003412319756
752,0.001377370953,0.005279975391,0.0863716989,0.6686461557,0.01321954949,0.003374384028
753,0.00131912458,0.005446135333,0.07359788498,0.7365902478,0.01357444596,0.003373933458
754,0.001260878207,0.005612295275,0.06082407105,0.80453434,0.01392934242,0.003373482889
755,0.001276991361,0.005691778201,0.05229008768,0.8612871878,0.01433070792,0.003302997243
756,0.001293104514,0.005771261127,0.0437561043,0.9180400357,0.01473207341,0.003232511597
757,0.001306815428,0.006043798045,0.03810970535,0.9494391199,0.01505148743,0.003259381671
758,0.001320526341,0.006316334963,0.03246330639,0.980838204,0.01537090144,0.003286251745
759,0.001331478975,0.006605275815,0.02823775433,0.990419102,0.01577754763,0.003321891308
760,0.001342431608,0.006894216667,0.02401220226,1,0.01618419382,0.003357530872
761,0.001555826256,0.007155246092,0.02094946387,0.9924294249,0.01665623253,0.0033495
762,0.001769220903,0.007416275516,0.01788672548,0.9848588499,0.01712827124,0.003341469128
763,0.0019578415,0.007515708277,0.01610240177,0.9591741885,0.01780491789,0.003376757602
764,0.002146462097,0.007615141038,0.01431807806,0.9334895272,0.01848156454,0.003412046076
765,0.002282528409,0.007663161981,0.01314050137,0.8961441186,0.01936565577,0.003458754057
766,0.002418594722,0.007711182924,0.01196292468,0.85879871,0.02024974701,0.003505462039
767,0.00256002891,0.007654703334,0.0112461826,0.8077906428,0.02120362552,0.003600508173
768,0.002701463099,0.007598223744,0.01052944052,0.7567825755,0.02215750403,0.003695554308
769,0.002913089634,0.007526601422,0.00988585181,0.7054260383,0.02306246095,0.003714988425
770,0.00312471617,0.0074549791,0.009242263103,0.654069501,0.02396741788,0.003734422543
771,0.003303765309,0.007409459078,0.008672899939,0.5865650687,0.02483711847,0.003774688835
772,0.003482814449,0.007363939057,0.008103536775,0.5190606363,0.02570681905,0.003814955128
773,0.003300918065,0.007234276437,0.007729743157,0.4510858493,0.02665325202,0.003783135769
774,0.00311902168,0.007104613818,0.00735594954,0.3831110623,0.02759968499,0.003751316411
775,0.003109423654,0.006921080962,0.007135579745,0.3205445426,0.02908792656,0.003844164872
776,0.003099825629,0.006737548107,0.006915209951,0.2579780229,0.03057616814,0.003937013332
777,0.002522263932,0.006513148223,0.006808824417,0.2146463201,0.03305380065,0.003991093976
778,0.001944702236,0.006288748338,0.006702438884,0.1713146174,0.03553143316,0.004045174619
779,0.001843794098,0.00606863592,0.006744734243,0.1441303072,0.03904914058,0.00419872737
780,0.00174288596,0.005848523503,0.006787029603,0.116945997,0.042566848,0.00435228012
781,0.001729092728,0.005413887856,0.006858525411,0.09651422768,0.04716443585,0.004481372286
782,0.001715299495,0.004979252208,0.006930021218,0.07608245832,0.05176202371,0.004610464453
783,0.001401782517,0.00483065912,0.007013570867,0.06336272309,0.05782708823,0.004750724592
784,0.001088265539,0.004682066032,0.007097120515,0.05064298786,0.06389215275,0.004890984731
785,0.00100875046,0.004303123342,0.007203105361,0.04149196509,0.07309047836,0.005106321901
786,0.0009292353813,0.003924180652,0.007309090208,0.03234094233,0.08228880396,0.00532165907
787,0.0008816088749,0.0037760367,0.007316696915,0.02660600953,0.0959602293,0.005581348335
788,0.0008339823686,0.003627892747,0.007324303623,0.02087107673,0.1096316546,0.0058410376
789,0.0009482518649,0.003609049558,0.007100041936,0.01722887663,0.1305888482,0.006037771819
790,0.001062521361,0.00359020637,0.006875780248,0.01358667653,0.1515460417,0.006234506038
791,0.001076507295,0.00370851253,0.006474034762,0.01153113599,0.1804808941,0.006729246676
792,0.001090493229,0.003826818689,0.006072289275,0.009475595442,0.2094157465,0.007223987315
793,0.001088740453,0.003910890704,0.005609798547,0.008320440403,0.2478321927,0.007439204983
794,0.001086987677,0.003994962718,0.005147307818,0.007165285364,0.286248639,0.007654422651
795,0.001062634774,0.004092421566,0.004752518584,0.006582401951,0.3316669519,0.008003225728
796,0.001038281872,0.004189880414,0.004357729349,0.005999518538,0.3770852648,0.008352028805
797,0.001007084875,0.004397616801,0.00412811936,0.005658024033,0.4278831528,0.00853772349
798,0.0009758878784,0.004605353189,0.003898509371,0.005316529528,0.4786810407,0.008723418174
799,0.0009455201865,0.004765012835,0.003504266967,0.005181022889,0.534475272,0.008934317792
800,0.0009151524946,0.004924672481,0.003110024564,0.00504551625,0.5902695033,0.00914521741
801,0.0009185411163,0.005248282689,0.003057283698,0.004798506441,0.6501670283,0.009193701068
802,0.0009219297379,0.005571892897,0.003004542832,0.004551496632,0.7100645534,0.009242184725
803,0.000897521324,0.005755614107,0.002984097316,0.00429828969,0.7712032784,0.009223944853
804,0.0008731129101,0.005939335317,0.0029636518,0.004045082747,0.8323420034,0.00920570498
805,0.0008163036756,0.006047268415,0.002955884722,0.003973442086,0.8792264091,0.009346214379
806,0.000759494441,0.006155201513,0.002948117644,0.003901801425,0.9261108149,0.009486723779
807,0.0007638970289,0.006191968439,0.002729965904,0.003645919429,0.956041239,0.009623243089
808,0.0007682996168,0.006228735364,0.002511814163,0.003390037434,0.9859716632,0.009759762399
809,0.0007603270957,0.006206580782,0.002175667362,0.00318070597,0.9929858316,0.01010176673
810,0.0007523545747,0.006184426201,0.001839520562,0.002971374506,1,0.01044377107
811,0.0007431230807,0.006052705534,0.001712095443,0.002850440883,0.9921400509,0.01098723191
812,0.0007338915867,0.005920984868,0.001584670324,0.002729507259,0.9842801017,0.01153069276
813,0.0007494104531,0.005738735436,0.00156876689,0.00271078099,0.9636893873,0.0121675124
814,0.0007649293194,0.005556486005,0.001552863457,0.002692054722,0.9430986728,0.01280433203
815,0.0009162039387,0.005274673193,0.001523400884,0.002627300323,0.9097456349,0.01376331825
816,0.001067478558,0.00499286038,0.001493938312,0.002562545924,0.8763925971,0.01472230446
817,0.001072014625,0.004824510594,0.001520455898,0.002526764231,0.827238748,0.01613665796
818,0.001076550692,0.004656160808,0.001546973484,0.002490982538,0.7780848989,0.01755101146
819,0.0009651799129,0.004481310487,0.001646672028,0.002413119851,0.7151174357,0.01917334517
820,0.0008538091341,0.004306460167,0.001746370572,0.002335257164,0.6521499726,0.02079567887
821,0.0008085515625,0.00417325545,0.001850049431,0.002525833096,0.580494173,0.02312687942
822,0.0007632939909,0.004040050734,0.001953728291,0.002716409028,0.5088383735,0.02545807997
823,0.0007677792794,0.003958349408,0.00196981578,0.002798708189,0.4431446488,0.0285591634
824,0.0007722645678,0.003876648083,0.00198590327,0.002881007349,0.3774509241,0.03166024684
825,0.0007426637224,0.003764127312,0.001967322456,0.002922223456,0.322945882,0.03609907665
826,0.0007130628771,0.00365160654,0.001948741642,0.002963439562,0.2684408398,0.04053790645
827,0.0007049900485,0.00357415475,0.001952073155,0.002968272867,0.2279563284,0.04381319858
828,0.0006969172198,0.00349670296,0.001955404668,0.002973106173,0.187471817,0.04708849071
829,0.000685420695,0.003391455263,0.001932264268,0.002945946995,0.162336366,0.05008375302
830,0.0006739241703,0.003286207567,0.001909123867,0.002918787817,0.1372009149,0.05307901534
831,0.0006811140513,0.003174813431,0.001871842043,0.002888917154,0.1219655074,0.05622590788
832,0.0006883039324,0.003063419295,0.00183456022,0.002859046492,0.1067300998,0.05937280043
833,0.0006488751303,0.002936280484,0.00181151149,0.002815171388,0.09499943859,0.06355124494
834,0.0006094463283,0.002809141674,0.001788462759,0.002771296283,0.08326877737,0.06772968946
835,0.0006038843729,0.002749452742,0.001789351585,0.002738052548,0.07254632609,0.07480368245
836,0.0005983224176,0.00268976381,0.001790240411,0.002704808813,0.0618238748,0.08187767544
837,0.0006674686353,0.002607050843,0.001853999172,0.002693298377,0.05288966704,0.09734391067
838,0.000736614853,0.002524337877,0.001917757933,0.00268178794,0.04395545927,0.1128101459
839,0.0007767347476,0.002519768511,0.001970272503,0.002651159232,0.03778198429,0.1390327286
840,0.0008168546422,0.002515199146,0.002022787074,0.002620530523,0.0316085093,0.1652553114
841,0.0008836014007,0.002358478978,0.001974778283,0.002610716484,0.0280827309,0.2001008303
842,0.0009503481592,0.00220175881,0.001926769493,0.002600902445,0.0245569525,0.2349463493
843,0.001002323786,0.00214923338,0.001901693423,0.002524288707,0.02212313368,0.2787481743
844,0.001054299414,0.00209670795,0.001876617354,0.002447674969,0.01968931485,0.3225499994
845,0.001032636567,0.002051347871,0.00185766301,0.002317803442,0.01794324709,0.3665009787
846,0.001010973721,0.002005987791,0.001838708667,0.002187931915,0.01619717933,0.410451958
847,0.0009121769117,0.001945632434,0.001722607039,0.002103691406,0.01491311623,0.4586104734
848,0.0008133801024,0.001885277078,0.001606505411,0.002019450898,0.01362905313,0.5067689889
849,0.000700986004,0.001809991862,0.001618315604,0.002115446852,0.01290907042,0.5587126086
850,0.0005885919056,0.001734706646,0.001630125797,0.002211442806,0.01218908771,0.6106562283
851,0.0006740366411,0.001810999314,0.001731489975,0.002023989922,0.01218954622,0.6594645627
852,0.0007594813765,0.001887291982,0.001832854152,0.001836537039,0.01219000473,0.7082728971
853,0.0009721458511,0.001993868499,0.001633595655,0.001837879166,0.01232532682,0.7575130124
854,0.001184810326,0.002100445016,0.001434337157,0.001839221293,0.01246064892,0.8067531278
855,0.00127988756,0.002107588766,0.001396428015,0.001878388972,0.01267552312,0.8578962743
856,0.001374964795,0.002114732516,0.001358518873,0.001917556652,0.01289039733,0.9090394209
857,0.001372160669,0.002119648965,0.00127866339,0.001941135785,0.01307455885,0.9446441402
858,0.001369356544,0.002124565414,0.001198807907,0.001964714918,0.01325872038,0.9802488596
859,0.001202894465,0.002152879457,0.001191552892,0.001959822618,0.01307184388,0.9901244298
860,0.001036432386,0.002181193499,0.001184297877,0.001954930318,0.01288496737,1
861,0.0009779872162,0.002194369209,0.001170639736,0.001940428412,0.01269262135,0.9865733781
862,0.0009195420466,0.002207544918,0.001156981595,0.001925926506,0.01250027532,0.9731467563
863,0.0007265107453,0.002207107542,0.001137337645,0.001898460133,0.01250150774,0.9473977227
864,0.0005334794441,0.002206670166,0.001117693696,0.001870993761,0.01250274016,0.921648689
865,0.0005160553767,0.002495298713,0.001092936146,0.001836452774,0.0127790548,0.8838441295
866,0.0004986313094,0.00278392726,0.001068178596,0.001801911788,0.01305536944,0.8460395701
867,0.0005490647895,0.00299866863,0.001034299139,0.001885456762,0.01326730592,0.7979227374
868,0.0005994982695,0.00321341,0.001000419683,0.001969001736,0.01347924239,0.7498059047
869,0.0006381242283,0.003220198817,0.0009575345218,0.001987887039,0.01350044424,0.6951651749
870,0.0006767501871,0.003226987634,0.000914649361,0.002006772341,0.01352164609,0.640524445
871,0.0007941362321,0.003236536092,0.0009370746674,0.002293783541,0.01334003836,0.5759647013
872,0.000911522277,0.003246084551,0.0009594999737,0.002580794741,0.01315843063,0.5114049575
873,0.0009632434503,0.003408976294,0.001079817983,0.00256347289,0.01271321946,0.4422975109
874,0.001014964624,0.003571868037,0.001200135992,0.00254615104,0.0122680083,0.3731900642
875,0.001014380544,0.003572109392,0.001134818853,0.002539938086,0.01178310159,0.316793419
876,0.001013796464,0.003572350746,0.001069501713,0.002533725133,0.01129819487,0.2603967737
877,0.0009060800066,0.003448349882,0.001046718848,0.002700496623,0.01110139441,0.2191126366
878,0.0007983635492,0.003324349018,0.001023935983,0.002867268113,0.01090459394,0.1778284995
879,0.0007628752464,0.003282100293,0.0009585364086,0.002975307589,0.01046515463,0.1481593908
880,0.0007273869435,0.003239851569,0.0008931368346,0.003083347064,0.01002571532,0.1184902821
881,0.0006992703016,0.003030139118,0.0008387132579,0.003277217495,0.009288110709,0.09847591418
882,0.0006711536597,0.002820426667,0.0007842896813,0.003471087925,0.008550506099,0.07846154628
883,0.0006740063584,0.002682583075,0.0007719565416,0.003424633536,0.007557161575,0.06265830658
884,0.0006768590572,0.002544739484,0.000759623402,0.003378179147,0.00656381705,0.04685506688
885,0.0006602219482,0.002422375001,0.0007274969804,0.003218974334,0.005578119959,0.03646779626
886,0.0006435848393,0.002300010519,0.0006953705588,0.00305976952,0.004592422867,0.02608052564
887,0.0006389758982,0.002196267489,0.0007020078248,0.002834334362,0.003911066354,0.02090848965
888,0.0006343669572,0.00209252446,0.0007086450908,0.002608899203,0.003229709841,0.01573645365
889,0.0006129699553,0.001981365035,0.0006712134758,0.002355357596,0.00286835071,0.01280984686
890,0.0005915729533,0.001870205611,0.0006337818608,0.002101815988,0.002506991579,0.009883240065
891,0.0005973357998,0.001828344859,0.0006508798068,0.001789125144,0.002259010725,0.008095962441
892,0.0006030986463,0.001786484106,0.0006679777529,0.0014764343,0.002011029872,0.006308684816
893,0.0006082269248,0.001814868268,0.0006540260311,0.001233954793,0.001829853312,0.005004033751
894,0.0006133552034,0.00184325243,0.0006400743094,0.000991475286,0.001648676753,0.003699382687
895,0.000630293472,0.001964900144,0.0006491772767,0.0009925738596,0.001528126918,0.002857649164
896,0.0006472317406,0.002086547858,0.000658280244,0.0009936724332,0.001407577083,0.002015915641
897,0.0006388536479,0.002099321033,0.0007374424167,0.0009287918942,0.001408793593,0.001675158241
898,0.0006304755552,0.002112094208,0.0008166045895,0.0008639113552,0.001410010103,0.001334400841
899,0.000618585753,0.002174927999,0.0008117745864,0.0008416794084,0.001463156149,0.001241679272
900,0.0006066959507,0.002237761791,0.0008069445834,0.0008194474616,0.001516302194,0.001148957703
901,0.0005828732781,0.002338739178,0.0008436481433,0.0008027494656,0.001549705884,0.001092824106
902,0.0005590506055,0.002439716565,0.0008803517031,0.0007860514695,0.001583109574,0.00103669051
903,0.0006181357827,0.002643762497,0.0009723579022,0.0008108086459,0.001716359426,0.001009324049
904,0.0006772209598,0.002847808429,0.001064364101,0.0008355658222,0.001849609277,0.0009819575878
905,0.000687568045,0.003129646437,0.001176999291,0.0008336192786,0.002211444823,0.001005555554
906,0.0006979151302,0.003411484445,0.001289634481,0.0008316727349,0.002573280368,0.00102915352
907,0.0006694508463,0.003578778085,0.001441351623,0.0008223498365,0.003315964977,0.001042850539
908,0.0006409865624,0.003746071725,0.001593068765,0.0008130269381,0.004058649586,0.001056547558
909,0.0006657264938,0.003869143458,0.001757641473,0.0007975414401,0.005027407179,0.00103886155
910,0.0006904664252,0.00399221519,0.00192221418,0.0007820559421,0.005996164772,0.001021175542
911,0.0008102966811,0.004174995606,0.002074413644,0.0007833183019,0.0068094187,0.0009782837482
912,0.0009301269369,0.004357776022,0.002226613107,0.0007845806618,0.007622672628,0.0009353919542
913,0.001090674172,0.004780939713,0.002311989891,0.0008271776018,0.008050522915,0.0009610638856
914,0.001251221408,0.005204103405,0.002397366676,0.0008697745418,0.008478373203,0.000986735817
915,0.001367770726,0.005427793322,0.002024358114,0.0009645541659,0.008394821866,0.001066501143
916,0.001484320045,0.00565148324,0.001651349553,0.00105933379,0.008311270528,0.001146266469
917,0.001622522389,0.005721499482,0.001363324316,0.001193168482,0.007537636961,0.001180690154
918,0.001760724733,0.005791515724,0.001075299078,0.001327003174,0.006764003394,0.00121511384
919,0.001940458323,0.0057466046,0.0009018842447,0.001374787351,0.005365239803,0.001251906421
920,0.002120191912,0.005701693476,0.0007284694114,0.001422571529,0.003966476212,0.001288699002
921,0.002418833732,0.005588892308,0.0006659024713,0.001511021582,0.002913119802,0.001337853669
922,0.002717475552,0.00547609114,0.0006033355311,0.001599471635,0.001859763392,0.001387008335
923,0.00333439782,0.005383999001,0.0005851368883,0.001663306881,0.001488557927,0.001477400115
924,0.003951320087,0.005291906862,0.0005669382456,0.001727142127,0.001117352463,0.001567791894
925,0.005149387642,0.005257615349,0.0005649118546,0.001804916042,0.0009824980533,0.001593765977
926,0.006347455197,0.005223323837,0.0005628854637,0.001882689958,0.000847643644,0.00161974006
927,0.006092698087,0.005631646796,0.0006494202798,0.00188267909,0.0008352359669,0.001734949121
928,0.005837940976,0.006039969755,0.000735955096,0.001882668222,0.0008228282898,0.001850158182
929,0.004966085951,0.005793533433,0.000755512269,0.001761111245,0.0008566034942,0.002107413188
930,0.004094230926,0.005547097112,0.000775069442,0.001639554269,0.0008903786986,0.002364668194
931,0.003170277531,0.005327560607,0.0007957231517,0.001257404692,0.0008962067997,0.002949026363
932,0.002246324135,0.005108024101,0.0008163768615,0.0008752551157,0.0009020349008,0.003533384531
933,0.001629484024,0.005122660753,0.0008207745978,0.000812397204,0.0008697685931,0.003702406916
934,0.001012643913,0.005137297404,0.0008251723342,0.0007495392922,0.0008375022853,0.003871429302
935,0.000879816058,0.005187816124,0.0008172740341,0.0007384013355,0.0008016224307,0.003732803514
936,0.0007469882028,0.005238334844,0.000809375734,0.0007272633788,0.000765742576,0.003594177727
937,0.000690488762,0.005336594069,0.0007625278711,0.0006950323561,0.0007762102687,0.003194441791
938,0.0006339893212,0.005434853293,0.0007156800082,0.0006628013333,0.0007866779615,0.002794705856
939,0.0005911012073,0.00547025938,0.000675308777,0.0006341069899,0.0007965547308,0.002404045235
940,0.0005482130934,0.005505665467,0.0006349375458,0.0006054126464,0.0008064315001,0.002013384615
941,0.000542218915,0.005467763235,0.0006099186902,0.0006161979131,0.0008352837283,0.001656235744
942,0.0005362247366,0.005429861003,0.0005848998346,0.0006269831798,0.0008641359565,0.001299086873
943,0.0005260973366,0.005404826739,0.0005733376476,0.0006396882231,0.0009118938459,0.001213109772
944,0.0005159699366,0.005379792475,0.0005617754606,0.0006523932664,0.0009596517352,0.00112713267
945,0.0005198590937,0.005282796592,0.0006071501944,0.0006410517272,0.0009442591468,0.001093533632
946,0.0005237482508,0.005185800709,0.0006525249282,0.0006297101881,0.0009288665584,0.001059934595
947,0.0005236465871,0.005156824689,0.0007420908485,0.0006166103511,0.0008924883328,0.001026463854
948,0.0005235449233,0.005127848669,0.0008316567687,0.0006035105141,0.0008561101073,0.0009929931136
949,0.0005231289172,0.00503367561,0.0008793825895,0.0006072358815,0.000850199426,0.001002606879
950,0.0005227129111,0.00493950255,0.0009271084102,0.0006109612488,0.0008442887447,0.001012220643
951,0.0005308000605,0.004853318732,0.001051377853,0.0006089998284,0.0008482417643,0.001019660943
952,0.00053888721,0.004767134914,0.001175647296,0.000607038408,0.000852194784,0.001027101242
953,0.000568496792,0.004634173255,0.001320468257,0.0005987885151,0.0008546984486,0.001017566061
954,0.0005981063739,0.004501211596,0.001465289218,0.0005905386222,0.0008572021132,0.00100803088
955,0.0006927421034,0.004381249142,0.001630972106,0.0005692264476,0.0008683541549,0.00101659929
956,0.000787377833,0.004261286688,0.001796654994,0.0005479142731,0.0008795061966,0.0010251677
957,0.000747329519,0.004368220395,0.002228291402,0.0005379942049,0.0009111772397,0.001040513244
958,0.0007072812051,0.004475154102,0.00265992781,0.0005280741367,0.0009428482827,0.001055858788
959,0.0006444819516,0.004081599798,0.00293810763,0.0006060671676,0.001009881024,0.001105217483
960,0.0005816826981,0.003688045494,0.00321628745,0.0006840601985,0.001076913766,0.001154576177
961,0.000513317321,0.003352276424,0.00365423312,0.000658489035,0.001115862282,0.001304369616
962,0.0004449519439,0.003016507354,0.004092178791,0.0006329178715,0.001154810798,0.001454163055
963,0.0004356753433,0.002753911249,0.004391276822,0.0006958409148,0.001267092882,0.001465045386
964,0.0004263987428,0.002491315143,0.004690374853,0.0007587639581,0.001379374965,0.001475927717
965,0.000467642801,0.002324848737,0.004533404603,0.0007452631115,0.001418280483,0.001554739071
966,0.0005088868591,0.00215838233,0.004376434352,0.0007317622649,0.001457186,0.001633550425
967,0.0005296958663,0.00229722701,0.003691537164,0.0007417570281,0.001653396255,0.001741293897
968,0.0005505048735,0.002436071691,0.003006639976,0.0007517517914,0.001849606511,0.001849037369
969,0.0006414316785,0.002416981117,0.002425334819,0.0007533145234,0.002095901074,0.00206923844
970,0.0007323584835,0.002397890544,0.001844029662,0.0007548772555,0.002342195637,0.00228943951
971,0.0007559302503,0.002381966094,0.001382478982,0.0007544285287,0.002735089818,0.002816016606
972,0.0007795020171,0.002366041644,0.0009209283023,0.0007539798019,0.003127983999,0.003342593701
973,0.0007559614239,0.002344144234,0.0008627754625,0.0007338868537,0.003508333079,0.003963769124
974,0.0007324208306,0.002322246823,0.0008046226227,0.0007137939055,0.00388868216,0.004584944548
975,0.0006434335618,0.002193928432,0.0007654705914,0.0006999766583,0.004001307826,0.004981509799
976,0.000554446293,0.00206561004,0.0007263185601,0.0006861594111,0.004113933492,0.005378075051
977,0.0005391906486,0.001889799363,0.0006467250342,0.0006472029397,0.003938055538,0.00528791735
978,0.0005239350042,0.001713988685,0.0005671315083,0.0006082464683,0.003762177584,0.005197759649
979,0.0005553732323,0.001638729535,0.0005205751145,0.0005812040782,0.003198720447,0.004546630388
980,0.0005868114604,0.001563470385,0.0004740187206,0.000554161688,0.00263526331,0.003895501128
981,0.0005923351915,0.001515224283,0.0004604243765,0.0006364138874,0.002108044449,0.002961170238
982,0.0005978589225,0.001466978182,0.0004468300323,0.0007186660867,0.001580825589,0.002026839348
983,0.0005631225907,0.001366707338,0.0004544427957,0.0007606065254,0.001260485557,0.001555721501
984,0.0005283862589,0.001266436494,0.0004620555591,0.0008025469642,0.0009401455262,0.001084603654
985,0.0006386129667,0.001175903747,0.0004344717826,0.0008221575375,0.0008639103824,0.0009496948067
986,0.0007488396745,0.001085371001,0.000406888006,0.0008417681107,0.0007876752387,0.0008147859594
987,0.0007353817043,0.001134678099,0.0005110324516,0.0008723471717,0.0007794660656,0.0007870458748
988,0.0007219237342,0.001183985198,0.0006151768973,0.0009029262327,0.0007712568925,0.0007593057902
989,0.0007493711846,0.001090279819,0.0006307147115,0.001281194411,0.0007766308871,0.0007716893184
990,0.000776818635,0.0009965744406,0.0006462525258,0.001659462588,0.0007820048818,0.0007840728465
991,0.0007951324402,0.0008759761438,0.0005995631397,0.00191176971,0.0007803096951,0.0008141444373
992,0.0008134462454,0.000755377847,0.0005528737535,0.002164076831,0.0007786145085,0.000844216028
993,0.0008133610523,0.0007393884557,0.0005498438925,0.002371332387,0.0007512505968,0.000784980246
994,0.0008132758592,0.0007233990645,0.0005468140316,0.002578587943,0.000723886685,0.000725744464
995,0.0008322263959,0.0007048843816,0.0005882050892,0.002677850981,0.0006985215279,0.0007547883822
996,0.0008511769326,0.0006863696987,0.0006295961469,0.002777114019,0.0006731563708,0.0007838323004
997,0.0008431866444,0.0006570437498,0.0006075548151,0.002630288561,0.0007235546881,0.0007994921956
998,0.0008351963563,0.0006277178008,0.0005855134832,0.002483463103,0.0007739530054,0.0008151520908
999,0.0009560873187,0.0005958861759,0.0006026435032,0.002217456349,0.0007781258293,0.0007779815241
1000,0.001076978281,0.000564054551,0.0006197735232,0.001951449594,0.0007822986532,0.0007408109575
1001,0.0009290981561,0.0006788427526,0.0007515491659,0.001654613302,0.0007596697649,0.0007446397322
1002,0.0007812180311,0.0007936309541,0.0008833248086,0.001357777009,0.0007370408766,0.000748468507
1003,0.0005838620608,0.0007070737931,0.0008337096924,0.001102653486,0.0007428872317,0.0007360182458
1004,0.0003865060905,0.0006205166321,0.0007840945762,0.0008475299629,0.0007487335868,0.0007235679846
1005,0.0004023203139,0.0004139563368,0.0006244649233,0.0006631826281,0.0007364140489,0.0008076962994
1006,0.0004181345372,0.0002073960416,0.0004648352705,0.0004788352933,0.0007240945109,0.0008918246142
1007,0.0004136202302,0.0001716320875,0.0004123293375,0.0004159099953,0.0007035186813,0.0008065340444
1008,0.0004091059232,0.0001358681335,0.0003598234045,0.0003529846973,0.0006829428517,0.0007212434747
1009,0.0004243264916,0.0001342261101,0.0002714704369,0.0003201604348,0.0005923580365,0.0005295823366
1010,0.0004395470601,0.0001325840867,0.0001831174694,0.0002873361723,0.0005017732213,0.0003379211984
1011,0.0004890487259,0.0001472067702,0.0002022027062,0.0003245911867,0.0003947624389,0.000329451823
1012,0.0005385503917,0.0001618294537,0.0002212879431,0.000361846201,0.0002877516565,0.0003209824476
1013,0.000528915987,0.0002312288277,0.0002318689014,0.0003858275132,0.000308567664,0.0003179686451
1014,0.0005192815823,0.0003006282018,0.0002424498597,0.0004098088255,0.0003293836714,0.0003149548426
1015,0.0004385150525,0.000319210617,0.0001994465847,0.0004476525351,0.0003557209558,0.0003795816719
1016,0.0003577485227,0.0003377930323,0.0001564433098,0.0004854962447,0.0003820582402,0.0004442085013
1017,0.000327401487,0.0002256092467,0.0001380669213,0.0004811048656,0.0004098290448,0.0004894789523
1018,0.0002970544512,0.000113425461,0.0001196905327,0.0004767134864,0.0004375998493,0.0005347494033
1019,0.0001485272256,0.0001175635368,0.0001031299959,0.0003983257072,0.000449753832,0.0005453332077
1020,0,0.0001217016126,0.000086569459,0.0003199379279,0.0004619078147,0.0005559170121
1021,0,0.0001105234797,0.0000432847295,0.0003024619751,0.0004691949574,0.0004998423
1022,0,0.0000993453469,0,0.0002849860224,0.0004764821001,0.0004437675878
1023,0,0.00007707399434,0,0.0002158101382,0.0003564605011,0.000373340472
1024,0,0.00005480264179,0,0.0001466342541,0.0002364389022,0.0003029133561
1025,0,0.00002740132089,0,0.0001302839259,0.0002017757164,0.0002327911032
1026,0,0,0,0.0001139335977,0.0001671125305,0.0001626688503
1027,0,0,0,0.0001220634563,0.0001078489265,0.0001124552656
1028,0,0,0,0.0001301933149,0.0000485853224,0.00006224168078
1029,0,0,0,0.0001020734038,0.0000242926612,0.00006762137014
1030,0,0,0,0.00007395349266,0,0.00007300105949
1031,0,0,0,0.00007609968744,0,0.00007821013131
1032,0,0,0,0.00007824588221,0,0.00008341920312
1033,0,0,0,0.0001165729392,0,0.00008744164574
1034,0,0,0,0.0001548999962,0,0.00009146408836
1035,0,0,0,0.0001958150744,0,0.00009411845588
1036,0,0,0,0.0002367301525,0,0.0000967728234
1037,0,0,0,0.000283006638,0,0.0001472617975
1038,0,0,0,0.0003292831235,0,0.0001977507717
1039,0,0,0,0.0004604810324,0,0.0001992072708
1040,0,0,0,0.0005916789413,0,0.0002006637699
1041,0,0,0.00004846506269,0.0006983647026,0.00004422321786,0.0002028801679
1042,0,0,0.00009693012538,0.000805050464,0.00008844643571,0.0002050965659
1043,0,0,0.00009770730507,0.0009108611377,0.00008997150368,0.0003925779341
1044,0,0,0.00009848448476,0.001016671811,0.00009149657164,0.0005800593022
1045,0,0,0.00009797996453,0.001210429914,0.0001388553289,0.0008249067856
1046,0,0,0.0000974754443,0.001404188016,0.0001862140861,0.001069754269
1047,0,0,0.0002035363496,0.001439358904,0.000185036435,0.001204712686
1048,0,0,0.0003095972549,0.001474529792,0.000183858784,0.001339671104
1049,0,0,0.0003022933379,0.001280752192,0.000274172069,0.00150980326
1050,0,0,0.000294989421,0.001086974592,0.000364485354,0.001679935416
1051,0,0,0.0001906694365,0.0007066753659,0.0002747707813,0.001603474383
1052,0,0,0.00008634945212,0.0003263761399,0.0001850562085,0.001527013351
1053,0,0,0.00004317472606,0.0002407194738,0.0001788588537,0.001103355773
1054,0,0,0,0.0001550628077,0.0001726614989,0.0006796981959
1055,0,0,0,0.00007753140387,0.00008633074943,0.0004471093443
1056,0,0,0,0,0,0.0002145204928
1057,0,0,0,0,0,0.0001553972038
1058,0,0,0,0,0,0.00009627391474
1059,0,0,0,0,0,0.00004813695737
1060,0,0,0,0,0,0
1061,0,0,0,0,0,0
1062,0,0,0,0,0,0
1063,0,0,0,0,0,0
1064,0,0,0,0,0,0
1065,0,0,0,0,0,0
1066,0,0,0,0,0,0
1067,0,0,0,0,0,0
1068,0,0,0,0,0,0
1069,0,0,0,0,0,0
1070,0,0,0,0,0,0
1071,0,0,0,0,0,0
1072,0,0,0,0,0,0
1073,0,0,0,0,0,0
1074,0,0,0,0,0,0
1075,0,0,0,0,0,0
1076,0,0,0,0,0,0
1077,0,0,0,0,0,0
1078,0,0,0,0,0,0
1079,0,0,0,0,0,0
1080,0,0,0,0,0,0
1081,0,0,0,0,0,0
1082,0,0,0,0,0,0
1083,0,0,0,0,0,0
1084,0,0,0,0,0,0
1085,0,0,0,0.00003180743467,0,0
1086,0,0,0,0.00006361486933,0,0
1087,0,0,0,0.00009101746665,0,0
1088,0,0,0,0.000118420064,0,0
1089,0,0,0,0.0001204387528,0,0
1090,0,0,0,0.0001224574416,0,0
1091,0,0,0,0.00009406120798,0,0
1092,0,0,0,0.00006566497436,0,0
1093,0,0,0,0.00003283248718,0,0
1094,0,0,0,0,0,0
1095,0,0,0,0,0,0
1096,0,0,0,0,0,0
1097,0,0,0,0,0,0
1098,0,0,0,0,0,0
1099,0,0,0,0,0,0
1100,0,0,0,0,0,0